{
    "_ColorR": 1.0,
    "_ColorG": 1.0,
    "_ColorB": 1.0,
    "_RampLevels": 2.0,
    "_LightScalar": 1.0,
    "_HighColorR": 0.8220000267028809,
    "_HighColorG": 0.9089999794960022,
    "_HighColorB": 0.5350000262260437,
    "_HighIntensity": 2.5,
    "_LowColorR": 0.34861937165260317,
    "_LowColorG": 0.2745881676673889,
    "_LowColorB": 0.7779999375343323,
    "_LowIntensity": 1.899999976158142,
    "_OutlineColorR": 0.34099990129470827,
    "_OutlineColorG": 0.3758620023727417,
    "_OutlineColorB": 0.00552738830447197,
    "_OutlineSize": 6.809999942779541,
    "_RimColorR": 0.9897274374961853,
    "_RimColorG": 1.0,
    "_RimColorB": 0.3014705181121826,
    "_RimAlpha": 0.012000000104308129,
    "_RimPower": 0.25099998712539675,
    "_RimDropOff": 0.0,
    "_FresnelColorR": 1.0,
    "_FresnelColorG": 1.0,
    "_FresnelColorB": 0.2794117331504822,
    "_FresnelBrightness": 0.11800000071525574,
    "_FresnelPower": 0.4020000100135803,
    "_FresnelShadowDropoff": 0.0,
    "_GradYCap": 0.0,
    "_GradIntensity": 0.0
}