{
    "_ColorR": 1.0,
    "_ColorG": 1.0,
    "_ColorB": 1.0,
    "_RampLevels": 5.0,
    "_LightScalar": 3.0899999141693117,
    "_HighColorR": 1.0,
    "_HighColorG": 0.8666666746139526,
    "_HighColorB": 0.12549015879631043,
    "_HighIntensity": 2.5,
    "_LowColorR": 0.929411768913269,
    "_LowColorG": 0.23137250542640687,
    "_LowColorB": 0.6509804129600525,
    "_LowIntensity": 3.0,
    "_OutlineColorR": 1.0,
    "_OutlineColorG": 0.8666667342185974,
    "_OutlineColorB": 0.12549015879631043,
    "_OutlineSize": 50.0,
    "_RimColorR": 0.8801454305648804,
    "_RimColorG": 0.5882353186607361,
    "_RimColorB": 0.9058823585510254,
    "_RimAlpha": 0.0,
    "_RimPower": 1.0,
    "_RimDropOff": 0.0,
    "_FresnelColorR": 0.49745070934295657,
    "_FresnelColorG": 0.5377357602119446,
    "_FresnelColorB": 0.0,
    "_FresnelBrightness": 0.3540000021457672,
    "_FresnelPower": 0.9789999723434448,
    "_FresnelShadowDropoff": 0.08500000089406967,
    "_GradYCap": 0.0,
    "_GradIntensity": 0.0
}